{
  "project_info": {
    "project_number": "116916930979",
    "firebase_url": "https://test1-food.firebaseio.com",
    "project_id": "test1-food",
    "storage_bucket": "test1-food.appspot.com"
  },
  "client": [
    {
      "client_info": {
        "mobilesdk_app_id": "1:116916930979:android:9bbe9d32085030a4",
        "android_client_info": {
          "package_name": "com.anikcreations.foodbangladesh"
        }
      },
      "oauth_client": [
        {
          "client_id": "116916930979-3c6479123keiangccrv65b2rmq9htg17.apps.googleusercontent.com",
          "client_type": 3
        }
      ],
      "api_key": [
        {
          "current_key": "AIzaSyBF1nHaZR9y0exF0FNdVfptAef7KpptgbA"
        }
      ],
      "services": {
        "analytics_service": {
          "status": 1
        },
        "appinvite_service": {
          "status": 1,
          "other_platform_oauth_client": []
        },
        "ads_service": {
          "status": 2
        }
      }
    }
  ],
  "configuration_version": "1"
}